{"mode": "train", "epoch": 1, "iter": 50, "lr": 0.00198, "memory": 4640, "data_time": 0.0474, "loss_rpn_cls": 0.62519, "loss_rpn_bbox": 0.16708, "loss_cls": 0.42994, "acc": 83.86719, "loss_bbox": 0.03966, "loss": 1.26187, "time": 0.40656}
{"mode": "train", "epoch": 1, "iter": 100, "lr": 0.00398, "memory": 4640, "data_time": 0.00555, "loss_rpn_cls": 0.41694, "loss_rpn_bbox": 0.20226, "loss_cls": 0.10636, "acc": 90.57812, "loss_bbox": 0.17488, "loss": 0.90043, "time": 0.3546}
{"mode": "train", "epoch": 1, "iter": 150, "lr": 0.00597, "memory": 4640, "data_time": 0.00539, "loss_rpn_cls": 0.32207, "loss_rpn_bbox": 0.18609, "loss_cls": 0.09668, "acc": 87.49609, "loss_bbox": 0.35325, "loss": 0.95809, "time": 0.36789}
{"mode": "train", "epoch": 1, "iter": 200, "lr": 0.00797, "memory": 4640, "data_time": 0.00475, "loss_rpn_cls": 0.20423, "loss_rpn_bbox": 0.17409, "loss_cls": 0.10443, "acc": 83.83398, "loss_bbox": 0.48065, "loss": 0.9634, "time": 0.36108}
{"mode": "train", "epoch": 1, "iter": 250, "lr": 0.00997, "memory": 4640, "data_time": 0.00486, "loss_rpn_cls": 0.22069, "loss_rpn_bbox": 0.18037, "loss_cls": 0.1156, "acc": 81.31641, "loss_bbox": 0.55021, "loss": 1.06687, "time": 0.36104}
{"mode": "train", "epoch": 1, "iter": 300, "lr": 0.01197, "memory": 4640, "data_time": 0.00481, "loss_rpn_cls": 0.18919, "loss_rpn_bbox": 0.16844, "loss_cls": 0.10797, "acc": 81.91602, "loss_bbox": 0.53272, "loss": 0.99831, "time": 0.37083}
{"mode": "train", "epoch": 1, "iter": 350, "lr": 0.01397, "memory": 4640, "data_time": 0.00494, "loss_rpn_cls": 0.19482, "loss_rpn_bbox": 0.14358, "loss_cls": 0.1026, "acc": 83.41797, "loss_bbox": 0.47915, "loss": 0.92015, "time": 0.37148}
{"mode": "train", "epoch": 1, "iter": 400, "lr": 0.01596, "memory": 5108, "data_time": 0.00582, "loss_rpn_cls": 0.17388, "loss_rpn_bbox": 0.174, "loss_cls": 0.10133, "acc": 83.04492, "loss_bbox": 0.50316, "loss": 0.95236, "time": 0.37646}
{"mode": "train", "epoch": 1, "iter": 450, "lr": 0.01796, "memory": 5108, "data_time": 0.00546, "loss_rpn_cls": 0.20608, "loss_rpn_bbox": 0.15958, "loss_cls": 0.09399, "acc": 84.03125, "loss_bbox": 0.4773, "loss": 0.93695, "time": 0.37678}
{"mode": "train", "epoch": 1, "iter": 500, "lr": 0.01996, "memory": 5108, "data_time": 0.0053, "loss_rpn_cls": 0.18009, "loss_rpn_bbox": 0.15326, "loss_cls": 0.09754, "acc": 83.79883, "loss_bbox": 0.4792, "loss": 0.9101, "time": 0.38006}
{"mode": "train", "epoch": 1, "iter": 550, "lr": 0.02, "memory": 5108, "data_time": 0.00544, "loss_rpn_cls": 0.14072, "loss_rpn_bbox": 0.15069, "loss_cls": 0.0986, "acc": 83.50195, "loss_bbox": 0.46491, "loss": 0.85492, "time": 0.38234}
{"mode": "train", "epoch": 1, "iter": 600, "lr": 0.02, "memory": 5108, "data_time": 0.00522, "loss_rpn_cls": 0.18648, "loss_rpn_bbox": 0.14321, "loss_cls": 0.09898, "acc": 84.01953, "loss_bbox": 0.45742, "loss": 0.88609, "time": 0.36515}
{"mode": "train", "epoch": 1, "iter": 650, "lr": 0.02, "memory": 5108, "data_time": 0.00535, "loss_rpn_cls": 0.15213, "loss_rpn_bbox": 0.15128, "loss_cls": 0.09742, "acc": 84.04688, "loss_bbox": 0.44878, "loss": 0.84961, "time": 0.37745}
{"mode": "train", "epoch": 1, "iter": 700, "lr": 0.02, "memory": 5108, "data_time": 0.00554, "loss_rpn_cls": 0.14971, "loss_rpn_bbox": 0.13568, "loss_cls": 0.0956, "acc": 84.13477, "loss_bbox": 0.45148, "loss": 0.83247, "time": 0.37779}
{"mode": "train", "epoch": 1, "iter": 750, "lr": 0.02, "memory": 5108, "data_time": 0.0055, "loss_rpn_cls": 0.12865, "loss_rpn_bbox": 0.1178, "loss_cls": 0.09221, "acc": 84.36719, "loss_bbox": 0.44659, "loss": 0.78524, "time": 0.37035}
{"mode": "train", "epoch": 1, "iter": 800, "lr": 0.02, "memory": 5108, "data_time": 0.00552, "loss_rpn_cls": 0.14189, "loss_rpn_bbox": 0.14162, "loss_cls": 0.09264, "acc": 84.37305, "loss_bbox": 0.47064, "loss": 0.84679, "time": 0.37772}
{"mode": "train", "epoch": 1, "iter": 850, "lr": 0.02, "memory": 5108, "data_time": 0.0052, "loss_rpn_cls": 0.15959, "loss_rpn_bbox": 0.14116, "loss_cls": 0.08938, "acc": 85.13672, "loss_bbox": 0.40955, "loss": 0.79968, "time": 0.37902}
{"mode": "train", "epoch": 1, "iter": 900, "lr": 0.02, "memory": 5108, "data_time": 0.00505, "loss_rpn_cls": 0.12642, "loss_rpn_bbox": 0.13062, "loss_cls": 0.0898, "acc": 85.11328, "loss_bbox": 0.4526, "loss": 0.79944, "time": 0.37986}
{"mode": "train", "epoch": 1, "iter": 950, "lr": 0.02, "memory": 5108, "data_time": 0.00504, "loss_rpn_cls": 0.14991, "loss_rpn_bbox": 0.12793, "loss_cls": 0.08779, "acc": 85.91797, "loss_bbox": 0.39934, "loss": 0.76497, "time": 0.37699}
{"mode": "train", "epoch": 1, "iter": 1000, "lr": 0.02, "memory": 5108, "data_time": 0.00537, "loss_rpn_cls": 0.11096, "loss_rpn_bbox": 0.12058, "loss_cls": 0.08723, "acc": 85.42188, "loss_bbox": 0.40726, "loss": 0.72603, "time": 0.37578}
{"mode": "train", "epoch": 1, "iter": 1050, "lr": 0.02, "memory": 5108, "data_time": 0.00545, "loss_rpn_cls": 0.13457, "loss_rpn_bbox": 0.11115, "loss_cls": 0.0844, "acc": 86.32617, "loss_bbox": 0.37282, "loss": 0.70295, "time": 0.38234}
{"mode": "train", "epoch": 1, "iter": 1100, "lr": 0.02, "memory": 5108, "data_time": 0.00522, "loss_rpn_cls": 0.12799, "loss_rpn_bbox": 0.13535, "loss_cls": 0.09059, "acc": 84.71875, "loss_bbox": 0.43248, "loss": 0.78641, "time": 0.37573}
{"mode": "train", "epoch": 1, "iter": 1150, "lr": 0.02, "memory": 5108, "data_time": 0.00529, "loss_rpn_cls": 0.12988, "loss_rpn_bbox": 0.12305, "loss_cls": 0.08692, "acc": 86.24414, "loss_bbox": 0.38141, "loss": 0.72126, "time": 0.37111}
{"mode": "train", "epoch": 1, "iter": 1200, "lr": 0.02, "memory": 5108, "data_time": 0.00551, "loss_rpn_cls": 0.13717, "loss_rpn_bbox": 0.13661, "loss_cls": 0.08988, "acc": 85.16211, "loss_bbox": 0.42859, "loss": 0.79225, "time": 0.37435}
{"mode": "train", "epoch": 1, "iter": 1250, "lr": 0.02, "memory": 6164, "data_time": 0.00553, "loss_rpn_cls": 0.12635, "loss_rpn_bbox": 0.12174, "loss_cls": 0.08492, "acc": 85.85938, "loss_bbox": 0.41322, "loss": 0.74623, "time": 0.38157}
{"mode": "train", "epoch": 1, "iter": 1300, "lr": 0.02, "memory": 6164, "data_time": 0.00551, "loss_rpn_cls": 0.10115, "loss_rpn_bbox": 0.1237, "loss_cls": 0.08893, "acc": 84.91797, "loss_bbox": 0.43268, "loss": 0.74646, "time": 0.3773}
{"mode": "train", "epoch": 1, "iter": 1350, "lr": 0.02, "memory": 6164, "data_time": 0.00519, "loss_rpn_cls": 0.1072, "loss_rpn_bbox": 0.11637, "loss_cls": 0.08579, "acc": 85.78125, "loss_bbox": 0.40267, "loss": 0.71203, "time": 0.37532}
{"mode": "train", "epoch": 1, "iter": 1400, "lr": 0.02, "memory": 6164, "data_time": 0.00544, "loss_rpn_cls": 0.13813, "loss_rpn_bbox": 0.13458, "loss_cls": 0.08816, "acc": 85.05273, "loss_bbox": 0.42743, "loss": 0.78829, "time": 0.37648}
{"mode": "train", "epoch": 1, "iter": 1450, "lr": 0.02, "memory": 6164, "data_time": 0.00515, "loss_rpn_cls": 0.10146, "loss_rpn_bbox": 0.12194, "loss_cls": 0.08608, "acc": 85.32812, "loss_bbox": 0.4062, "loss": 0.71568, "time": 0.37192}
{"mode": "train", "epoch": 1, "iter": 1500, "lr": 0.02, "memory": 6164, "data_time": 0.0052, "loss_rpn_cls": 0.11785, "loss_rpn_bbox": 0.12333, "loss_cls": 0.07983, "acc": 86.43945, "loss_bbox": 0.38445, "loss": 0.70546, "time": 0.37653}
{"mode": "train", "epoch": 1, "iter": 1550, "lr": 0.02, "memory": 6164, "data_time": 0.00505, "loss_rpn_cls": 0.11442, "loss_rpn_bbox": 0.12201, "loss_cls": 0.07972, "acc": 87.20117, "loss_bbox": 0.35264, "loss": 0.66879, "time": 0.3791}
{"mode": "train", "epoch": 1, "iter": 1600, "lr": 0.02, "memory": 6164, "data_time": 0.00515, "loss_rpn_cls": 0.11865, "loss_rpn_bbox": 0.1226, "loss_cls": 0.08517, "acc": 85.97266, "loss_bbox": 0.39469, "loss": 0.72111, "time": 0.37774}
{"mode": "train", "epoch": 1, "iter": 1650, "lr": 0.02, "memory": 6164, "data_time": 0.00541, "loss_rpn_cls": 0.10632, "loss_rpn_bbox": 0.11619, "loss_cls": 0.08136, "acc": 86.31836, "loss_bbox": 0.40469, "loss": 0.70855, "time": 0.3736}
{"mode": "train", "epoch": 1, "iter": 1700, "lr": 0.02, "memory": 6164, "data_time": 0.00555, "loss_rpn_cls": 0.09495,