{"mode": "train", "epoch": 1, "iter": 50, "lr": 0.00198, "memory": 4638, "data_time": 0.04913, "loss_rpn_cls": 0.61764, "loss_rpn_bbox": 2.97299, "loss_cls": 0.32607, "acc": 83.5957, "loss_bbox": 0.79115, "loss": 4.70785, "time": 0.41112}
{"mode": "train", "epoch": 1, "iter": 100, "lr": 0.00398, "memory": 4638, "data_time": 0.00694, "loss_rpn_cls": 0.53882, "loss_rpn_bbox": 3.24236, "loss_cls": 0.17125, "acc": 91.97461, "loss_bbox": 1.10875, "loss": 5.06117, "time": 0.35867}
{"mode": "train", "epoch": 1, "iter": 150, "lr": 0.00597, "memory": 4638, "data_time": 0.00791, "loss_rpn_cls": NaN, "loss_rpn_bbox": NaN, "loss_cls": NaN, "acc": 61.54147, "loss_bbox": NaN, "loss": NaN, "time": 0.36461}
{"mode": "train", "epoch": 1, "iter": 200, "lr": 0.00797, "memory": 4638, "data_time": 0.00692, "loss_rpn_cls": NaN, "loss_rpn_bbox": NaN, "loss_cls": NaN, "acc": 6.58711, "loss_bbox": NaN, "loss": NaN, "time": 0.34931}
{"mode": "train", "epoch": 1, "iter": 50, "lr": 0.00198, "memory": 4640, "data_time": 0.04935, "loss_rpn_cls": 0.6216, "loss_rpn_bbox": 0.168, "loss_cls": 0.4395, "acc": 83.73633, "loss_bbox": 0.76633, "loss": 1.99544, "time": 0.40993}
{"mode": "train", "epoch": 1, "iter": 100, "lr": 0.00398, "memory": 4640, "data_time": 0.00704, "loss_rpn_cls": 0.40137, "loss_rpn_bbox": 0.20505, "loss_cls": 0.11657, "acc": 89.97656, "loss_bbox": 1.37576, "loss": 2.09874, "time": 0.35139}
{"mode": "train", "epoch": 1, "iter": 150, "lr": 0.00597, "memory": 4640, "data_time": 0.00711, "loss_rpn_cls": 0.3025, "loss_rpn_bbox": 0.18098, "loss_cls": 0.10149, "acc": 87.21094, "loss_bbox": 1.76645, "loss": 2.35142, "time": 0.36604}
{"mode": "train", "epoch": 1, "iter": 200, "lr": 0.00797, "memory": 4640, "data_time": 0.00722, "loss_rpn_cls": 0.21032, "loss_rpn_bbox": 0.17531, "loss_cls": 0.10618, "acc": 83.18945, "loss_bbox": 2.25687, "loss": 2.74869, "time": 0.3628}
{"mode": "train", "epoch": 1, "iter": 250, "lr": 0.00997, "memory": 4640, "data_time": 0.00717, "loss_rpn_cls": 0.22386, "loss_rpn_bbox": 0.17645, "loss_cls": 0.11094, "acc": 80.75586, "loss_bbox": 2.66912, "loss": 3.18038, "time": 0.35919}
{"mode": "train", "epoch": 1, "iter": 300, "lr": 0.01197, "memory": 4640, "data_time": 0.00727, "loss_rpn_cls": 0.18906, "loss_rpn_bbox": 0.17657, "loss_cls": 0.10842, "acc": 81.21094, "loss_bbox": 2.82093, "loss": 3.29499, "time": 0.37002}
{"mode": "train", "epoch": 1, "iter": 350, "lr": 0.01397, "memory": 4640, "data_time": 0.00686, "loss_rpn_cls": 0.30246, "loss_rpn_bbox": 0.18408, "loss_cls": 0.10277, "acc": 85.80078, "loss_bbox": 1.98845, "loss": 2.57776, "time": 0.36534}
{"mode": "train", "epoch": 1, "iter": 400, "lr": 0.01596, "memory": 5108, "data_time": 0.00818, "loss_rpn_cls": 0.27021, "loss_rpn_bbox": 0.20132, "loss_cls": 0.10834, "acc": 82.73242, "loss_bbox": 2.42607, "loss": 3.00594, "time": 0.36836}
{"mode": "train", "epoch": 1, "iter": 450, "lr": 0.01796, "memory": 5108, "data_time": 0.00786, "loss_rpn_cls": 0.25391, "loss_rpn_bbox": 0.17447, "loss_cls": 0.10726, "acc": 83.31445, "loss_bbox": 2.44748, "loss": 2.98312, "time": 0.36827}
{"mode": "train", "epoch": 1, "iter": 500, "lr": 0.01996, "memory": 5108, "data_time": 0.00726, "loss_rpn_cls": 0.19751, "loss_rpn_bbox": 0.17866, "loss_cls": 0.0992, "acc": 83.24805, "loss_bbox": 2.47953, "loss": 2.9549, "time": 0.36985}
{"mode": "train", "epoch": 1, "iter": 550, "lr": 0.02, "memory": 5108, "data_time": 0.00766, "loss_rpn_cls": 0.18406, "loss_rpn_bbox": 0.17666, "loss_cls": 0.09931, "acc": 83.54492, "loss_bbox": 2.63875, "loss": 3.09878, "time": 0.37833}
{"mode": "train", "epoch": 1, "iter": 600, "lr": 0.02, "memory": 5108, "data_time": 0.00759, "loss_rpn_cls": 0.2022, "loss_rpn_bbox": 0.14989, "loss_cls": 0.10095, "acc": 83.55078, "loss_bbox": 2.50585, "loss": 2.95889, "time": 0.35883}
{"mode": "train", "epoch": 1, "iter": 650, "lr": 0.02, "memory": 5108, "data_time": 0.00761, "loss_rpn_cls": 0.16168, "loss_rpn_bbox": 0.16129, "loss_cls": 0.09699, "acc": 83.38867, "loss_bbox": 2.64356, "loss": 3.06352, "time": 0.37055}
{"mode": "train", "epoch": 1, "iter": 700, "lr": 0.02, "memory": 5108, "data_time": 0.00814, "loss_rpn_cls": 0.17318, "loss_rpn_bbox": 0.13648, "loss_cls": 0.09643, "acc": 83.25391, "loss_bbox": 2.73642, "loss": 3.14251, "time": 0.36556}
{"mode": "train", "epoch": 1, "iter": 750, "lr": 0.02, "memory": 5108, "data_time": 0.00711, "loss_rpn_cls": 0.14631, "loss_rpn_bbox": 0.12709, "loss_cls": 0.09345, "acc": 83.76367, "loss_bbox": 2.73159, "loss": 3.09844, "time": 0.35821}
{"mode": "train", "epoch": 1, "iter": 800, "lr": 0.02, "memory": 5108, "data_time": 0.00781, "loss_rpn_cls": 0.15371, "loss_rpn_bbox": 0.15, "loss_cls": 0.09892, "acc": 82.8457, "loss_bbox": 2.79026, "loss": 3.19289, "time": 0.36397}
{"mode": "train", "epoch": 1, "iter": 850, "lr": 0.02, "memory": 5108, "data_time": 0.00807, "loss_rpn_cls": 0.17407, "loss_rpn_bbox": 0.15406, "loss_cls": 0.09251, "acc": 84.87109, "loss_bbox": 2.51727, "loss": 2.93791, "time": 0.3653}
{"mode": "train", "epoch": 1, "iter": 900, "lr": 0.02, "memory": 5108, "data_time": 0.00724, "loss_rpn_cls": 0.14753, "loss_rpn_bbox": 0.14033, "loss_cls": 0.09396, "acc": 83.5957, "loss_bbox": 2.73287, "loss": 3.11469, "time": 0.36352}
{"mode": "train", "epoch": 1, "iter": 950, "lr": 0.02, "memory": 5108, "data_time": 0.00708, "loss_rpn_cls": 0.16053, "loss_rpn_bbox": 0.1332, "loss_cls": 0.08988, "acc": 85.3125, "loss_bbox": 2.58217, "loss": 2.96578, "time": 0.36291}
{"mode": "train", "epoch": 1, "iter": 1000, "lr": 0.02, "memory": 5108, "data_time": 0.00748, "loss_rpn_cls": 0.14386, "loss_rpn_bbox": 0.13283, "loss_cls": 0.09294, "acc": 84.30078, "loss_bbox": 2.63854, "loss": 3.00817, "time": 0.36199}
{"mode": "train", "epoch": 1, "iter": 1050, "lr": 0.02, "memory": 5108, "data_time": 0.00769, "loss_rpn_cls": 0.13368, "loss_rpn_bbox": 0.11692, "loss_cls": 0.08734, "acc": 85.27148, "loss_bbox": 2.52529, "loss": 2.86323, "time": 0.3659}
{"mode": "train", "epoch": 1, "iter": 1100, "lr": 0.02, "memory": 5108, "data_time": 0.00717, "loss_rpn_cls": 0.13904, "loss_rpn_bbox": 0.13568, "loss_cls": 0.09446, "acc": 83.65234, "loss_bbox": 2.77284, "loss": 3.14204, "time": 0.36336}
{"mode": "train", "epoch": 1, "iter": 1150, "lr": 0.02, "memory": 5108, "data_time": 0.00742, "loss_rpn_cls": 0.13498, "loss_rpn_bbox": 0.13246, "loss_cls": 0.09202, "acc": 84.44727, "loss_bbox": 2.7058, "loss": 3.06526, "time": 0.35894}
{"mode": "train", "epoch": 1, "iter": 1200, "lr": 0.02, "memory": 5108, "data_time": 0.00796, "loss_rpn_cls": 0.14382, "loss_rpn_bbox": 0.13704, "loss_cls": 0.098, "acc": 84.27344, "loss_bbox": 2.73602, "loss": 3.11488, "time": 0.36109}
{"mode": "train", "epoch": 1, "iter": 1250, "lr": 0.02, "memory": 6163, "data_time": 0.0074, "loss_rpn_cls": 0.11669, "loss_rpn_bbox": 0.1289, "loss_cls": 0.08942, "acc": 84.52734, "loss_bbox": 2.82844, "loss": 3.16344, "time": 0.36504}
{"mode": "train", "epoch": 1, "iter": 1300, "lr": 0.02, "memory": 6163, "data_time": 0.00728, "loss_rpn_cls": 0.11159, "loss_rpn_bbox": 0.1293, "loss_cls": 0.09126, "acc": 84.22461, "loss_bbox": 2.85846, "loss": 3.1906, "time": 0.36218}
{"mode": "train", "epoch": 1, "iter": 1350, "lr": 0.02, "memory": 6163, "data_time": 0.00735, "loss_rpn_cls": 0.11037, "loss_rpn_bbox": 0.11906, "loss_cls": 0.08948, "acc": 84.45508, "loss_bbox": 2.83891, "loss": 3.15781, "time": 0.36023}
{"mode": "train", "epoch": 1, "iter": 1400, "lr": 0.02, "memory": 6163, "data_time": 0.00747, "loss_rpn_cls": 0.14725, "loss_rpn_bbox": 0.13746, "loss_cls": 0.09169, "acc": 84.30859, "loss_bbox": 2.83479, "loss": 3.21119, "time": 0.36303}
{"mode": "train", "epoch": 1, "iter": 1450, "lr": 0.02, "memory": 6163, "data_time": 0.00745, "loss_rpn_cls": 0.10809, "loss_rpn_bbox": 0.12665, "loss_cls": 0.10785, "acc": 82.84961, "loss_bbox": 2.77997, "loss": 3.12256, "time": 0.35811}
{"mode": "train", "epoch": 1, "iter": 1500, "lr": 0.02, "memory": 6163, "data_time": 0.00734, "loss_rpn_cls": 0.13711, "loss_rpn_bbox": 0.12872,