{"mode": "train", "epoch": 1, "iter": 50, "lr": 0.00198, "memory": 4644, "data_time": 0.05349, "loss_rpn_cls": 0.6213, "loss_rpn_bbox": 0.10557, "loss_cls": 0.97584, "acc": 87.32617, "loss_bbox": 0.04167, "loss": 1.74438, "time": 0.58653}
{"mode": "train", "epoch": 1, "iter": 100, "lr": 0.00398, "memory": 4644, "data_time": 0.01107, "loss_rpn_cls": 0.40075, "loss_rpn_bbox": 0.11705, "loss_cls": 0.43194, "acc": 90.02539, "loss_bbox": 0.22911, "loss": 1.17885, "time": 0.51609}
{"mode": "train", "epoch": 1, "iter": 150, "lr": 0.00597, "memory": 4644, "data_time": 0.01108, "loss_rpn_cls": 0.27318, "loss_rpn_bbox": 0.10361, "loss_cls": 0.44066, "acc": 86.89648, "loss_bbox": 0.43327, "loss": 1.25072, "time": 0.52293}
{"mode": "train", "epoch": 1, "iter": 200, "lr": 0.00797, "memory": 4644, "data_time": 0.0106, "loss_rpn_cls": 0.21341, "loss_rpn_bbox": 0.09993, "loss_cls": 0.51891, "acc": 83.60938, "loss_bbox": 0.53101, "loss": 1.36327, "time": 0.51518}
{"mode": "train", "epoch": 1, "iter": 250, "lr": 0.00997, "memory": 4644, "data_time": 0.01078, "loss_rpn_cls": 0.21684, "loss_rpn_bbox": 0.0903, "loss_cls": 0.53348, "acc": 81.37305, "loss_bbox": 0.60426, "loss": 1.44488, "time": 0.51178}
