{"mode": "train", "epoch": 1, "iter": 50, "lr": 0.00198, "memory": 4645, "data_time": 0.05369, "loss_rpn_cls": 0.62262, "loss_rpn_bbox": 0.17113, "loss_cls": 0.96345, "acc": 87.38086, "loss_bbox": 0.04428, "loss": 1.80147, "time": 0.58216}
{"mode": "train", "epoch": 1, "iter": 100, "lr": 0.00398, "memory": 4645, "data_time": 0.01072, "loss_rpn_cls": 0.40685, "loss_rpn_bbox": 0.19507, "loss_cls": 0.40925, "acc": 90.30078, "loss_bbox": 0.18915, "loss": 1.20032, "time": 0.51147}
{"mode": "train", "epoch": 1, "iter": 150, "lr": 0.00597, "memory": 4645, "data_time": 0.01044, "loss_rpn_cls": 0.26484, "loss_rpn_bbox": 0.17599, "loss_cls": 0.44779, "acc": 85.98047, "loss_bbox": 0.42329, "loss": 1.31191, "time": 0.51773}
